,ë§¥ì£¼ì •ë³´,ê²€ìƒ‰ì´ë¦„,ë§¥ì£¼ì´ë¦„,ë§¥ì£¼íšŒì‚¬,ë§¥ì£¼ì›ì‚°ì§€,ë§¥ì£¼ì¢…ë¥˜,ë§¥ì£¼ë„ìˆ˜,ë§¥ì£¼IBU,ë§¥ì£¼í‰ì ,ë§¥ì£¼ì„¤ëª…,ë§¥ì£¼ì¹¼ë¡œë¦¬
0,"DarkElf(3,424)
ğŸ‡ºğŸ‡¸La Jolla, United States
1.7April 8, 2019
01-Sep-13 (500-ml bottle: Free sample bottle for stewarding the 2012 World Beer Cup in San Diego, CA)
Pouring a clear golden body with over an inch of bubbly whiteâ€¦
Show more
BOTTLE
Aroma
3
Appearance
3
Flavor
3
Mouthfeel
2
Overall
6",OB Golden Lager,OB Golden Lager,Oriental Brewery (AB-InBev),"ğŸ‡°ğŸ‡· Seoul, South Korea",Pale Lager - International / Premium,4.8%,,2.14,"OB Golden Lager is an authentic German style 100% malt beer. Crafted from golden malt and selected aroma hop, with Oriental Breweryâ€™s tradition of prefection.",144 cal per 355ml
1,"MeadTamer124(0)
4.8February 12, 2019
Dear OB,

I'm writing this from police custody.â€¦
Show more
CASK
Aroma
8
Appearance
5
Flavor
10
Mouthfeel
5
Overall
20",OB Golden Lager,OB Golden Lager,Oriental Brewery (AB-InBev),"ğŸ‡°ğŸ‡· Seoul, South Korea",Pale Lager - International / Premium,4.8%,,2.14,"OB Golden Lager is an authentic German style 100% malt beer. Crafted from golden malt and selected aroma hop, with Oriental Breweryâ€™s tradition of prefection.",144 cal per 355ml
2,"FlightForever11(0)
5.0February 13, 2018
The absolute best beer you could get for the cheap price it was. Shame they stopped production :(â€¦
Show more
Aroma
10
Appearance
5
Flavor
10
Mouthfeel
5
Overall
20",OB Golden Lager,OB Golden Lager,Oriental Brewery (AB-InBev),"ğŸ‡°ğŸ‡· Seoul, South Korea",Pale Lager - International / Premium,4.8%,,2.14,"OB Golden Lager is an authentic German style 100% malt beer. Crafted from golden malt and selected aroma hop, with Oriental Breweryâ€™s tradition of prefection.",144 cal per 355ml
3,"adamnowek(6,839)
ğŸ‡³ğŸ‡±Amsterdam, Netherlands
1.7December 7, 2015
Pretty foamy for the style. Tastes like a can of tinned corn with some booze mixed in.
Aroma
4
Appearance
3
Flavor
3
Mouthfeel
2
Overall
5",OB Golden Lager,OB Golden Lager,Oriental Brewery (AB-InBev),"ğŸ‡°ğŸ‡· Seoul, South Korea",Pale Lager - International / Premium,4.8%,,2.14,"OB Golden Lager is an authentic German style 100% malt beer. Crafted from golden malt and selected aroma hop, with Oriental Breweryâ€™s tradition of prefection.",144 cal per 355ml
4,"sjogro(9,245)
ğŸ‡³ğŸ‡±The Hague, Netherlands
2.5December 1, 2015
Sweet malty pilsener, not much else to say about this. Backlog from 2014/05/14.
Aroma
5
Appearance
3
Flavor
5
Mouthfeel
2
Overall
10",OB Golden Lager,OB Golden Lager,Oriental Brewery (AB-InBev),"ğŸ‡°ğŸ‡· Seoul, South Korea",Pale Lager - International / Premium,4.8%,,2.14,"OB Golden Lager is an authentic German style 100% malt beer. Crafted from golden malt and selected aroma hop, with Oriental Breweryâ€™s tradition of prefection.",144 cal per 355ml
5,"Manslow(2,578)
ğŸ‡µğŸ‡±Warsaw, Poland
1.4November 10, 2015
Butelka, kolor zÅ‚oty, klarowny piany brak. Lekki sÅ‚Ã³d w aromacie jak i w smaku, sÅ‚odkawe, goryczka minimalna, do wypicia ale sÅ‚abe.
Aroma
3
Appearance
2
Flavor
2
Mouthfeel
2
Overall
5",OB Golden Lager,OB Golden Lager,Oriental Brewery (AB-InBev),"ğŸ‡°ğŸ‡· Seoul, South Korea",Pale Lager - International / Premium,4.8%,,2.14,"OB Golden Lager is an authentic German style 100% malt beer. Crafted from golden malt and selected aroma hop, with Oriental Breweryâ€™s tradition of prefection.",144 cal per 355ml
6,"belgis(523)
2.2July 21, 2015
Sharp hop aroma. Pale golden color. Thick lacing bit unexpected. Malty thick taste bit of bitterness bit just a bite.
Aroma
5
Appearance
2
Flavor
6
Mouthfeel
1
Overall
8",OB Golden Lager,OB Golden Lager,Oriental Brewery (AB-InBev),"ğŸ‡°ğŸ‡· Seoul, South Korea",Pale Lager - International / Premium,4.8%,,2.14,"OB Golden Lager is an authentic German style 100% malt beer. Crafted from golden malt and selected aroma hop, with Oriental Breweryâ€™s tradition of prefection.",144 cal per 355ml
7,"adodo(182)
ğŸ‡±ğŸ‡»Riga, Latvia
2.1July 21, 2015
Earthy, malty aroma. Clear yellow little head. Umami and a little sweet. Quite average beer
Aroma
4
Appearance
2
Flavor
5
Mouthfeel
2
Overall
8",OB Golden Lager,OB Golden Lager,Oriental Brewery (AB-InBev),"ğŸ‡°ğŸ‡· Seoul, South Korea",Pale Lager - International / Premium,4.8%,,2.14,"OB Golden Lager is an authentic German style 100% malt beer. Crafted from golden malt and selected aroma hop, with Oriental Breweryâ€™s tradition of prefection.",144 cal per 355ml
8,"The_Osprey(10,584)
ğŸ‡¬ğŸ‡§Wales
1.7July 16, 2015
330ml bottle from an oriental shop. 4.8% BB Dec 2015, ""experience depth of richness"". Hazy dark yellow, lightly sparkling, small foamy white head. Aroma is sugary water,â€¦
Show more
Aroma
3
Appearance
3
Flavor
2
Mouthfeel
2
Overall
7",OB Golden Lager,OB Golden Lager,Oriental Brewery (AB-InBev),"ğŸ‡°ğŸ‡· Seoul, South Korea",Pale Lager - International / Premium,4.8%,,2.14,"OB Golden Lager is an authentic German style 100% malt beer. Crafted from golden malt and selected aroma hop, with Oriental Breweryâ€™s tradition of prefection.",144 cal per 355ml
9,"BeergeekKorea(107)
ğŸ‡°ğŸ‡·South Korea
1.6July 11, 2015
Aroma: Almost noâ€¦
Show more
Aroma
2
Appearance
2
Flavor
3
Mouthfeel
2
Overall
7",OB Golden Lager,OB Golden Lager,Oriental Brewery (AB-InBev),"ğŸ‡°ğŸ‡· Seoul, South Korea",Pale Lager - International / Premium,4.8%,,2.14,"OB Golden Lager is an authentic German style 100% malt beer. Crafted from golden malt and selected aroma hop, with Oriental Breweryâ€™s tradition of prefection.",144 cal per 355ml
10,"argo0(14,125)
ğŸ‡ºğŸ‡¸United States
2.7June 6, 2015
Bottle. Small white head atop clear apple juice body. Aroma is medium sweet, bread, light honey. Taste is moderately sweet, bread, light honey. Soft light body, nice match for my Koreanâ€¦
Show more
Aroma
5
Appearance
3
Flavor
5
Mouthfeel
3
Overall
11",OB Golden Lager,OB Golden Lager,Oriental Brewery (AB-InBev),"ğŸ‡°ğŸ‡· Seoul, South Korea",Pale Lager - International / Premium,4.8%,,2.14,"OB Golden Lager is an authentic German style 100% malt beer. Crafted from golden malt and selected aroma hop, with Oriental Breweryâ€™s tradition of prefection.",144 cal per 355ml
11,"JoshGray1491(27)
0.8May 15, 2015
Bleurgh, Just bleurgh, Only beer available in the Korean Air lounge at the airport and itâ€™s just a glass of nothing. Stuck to Bud and thatâ€™s saying something.
Aroma
2
Appearance
1
Flavor
2
Mouthfeel
1
Overall
2",OB Golden Lager,OB Golden Lager,Oriental Brewery (AB-InBev),"ğŸ‡°ğŸ‡· Seoul, South Korea",Pale Lager - International / Premium,4.8%,,2.14,"OB Golden Lager is an authentic German style 100% malt beer. Crafted from golden malt and selected aroma hop, with Oriental Breweryâ€™s tradition of prefection.",144 cal per 355ml
12,"Erzengel(13,937)
ğŸ‡©ğŸ‡ªSaarland & DÃ¼sseldorf, Germany
2.4February 26, 2015
Smooth and sweetish beginning. Crisp, hints of malt, nice light bitterness in the end. Not too much body, but quite full, not too sweetish, hints of grain with a light bitter but crisp and dryâ€¦
Show more
Aroma
5
Appearance
4
Flavor
5
Mouthfeel
4
Overall
6",OB Golden Lager,OB Golden Lager,Oriental Brewery (AB-InBev),"ğŸ‡°ğŸ‡· Seoul, South Korea",Pale Lager - International / Premium,4.8%,,2.14,"OB Golden Lager is an authentic German style 100% malt beer. Crafted from golden malt and selected aroma hop, with Oriental Breweryâ€™s tradition of prefection.",144 cal per 355ml
13,"Sibarh(189)
ğŸ‡µğŸ‡±Bialystok, Poland
1.3February 23, 2015
Kolor - zÅ‚ocisty, klarowny. 
Piana - drobna, Å›rednio wysoka, Å›rednio trwaÅ‚a.â€¦
Show more
Aroma
2
Appearance
3
Flavor
2
Mouthfeel
2
Overall
4",OB Golden Lager,OB Golden Lager,Oriental Brewery (AB-InBev),"ğŸ‡°ğŸ‡· Seoul, South Korea",Pale Lager - International / Premium,4.8%,,2.14,"OB Golden Lager is an authentic German style 100% malt beer. Crafted from golden malt and selected aroma hop, with Oriental Breweryâ€™s tradition of prefection.",144 cal per 355ml
14,"ruigo(3,079)
ğŸ‡µğŸ‡¹Portugal
2.4February 20, 2015
A regular lager to go along with a meal with friends. Not much to point out on a rather simple beer. Not much carbonation or head but a rather lively beer.
Aroma
6
Appearance
2
Flavor
6
Mouthfeel
2
Overall
8",OB Golden Lager,OB Golden Lager,Oriental Brewery (AB-InBev),"ğŸ‡°ğŸ‡· Seoul, South Korea",Pale Lager - International / Premium,4.8%,,2.14,"OB Golden Lager is an authentic German style 100% malt beer. Crafted from golden malt and selected aroma hop, with Oriental Breweryâ€™s tradition of prefection.",144 cal per 355ml
15,"TedE(2,472)
ğŸ‡¦ğŸ‡ºGlen Innes, Australia
1.5February 14, 2015
355ml can into glass. Sweet malt nose, maybe a little corn. Medium carbonation, minimal head. Pale amber colour. Lightly bitter with a bit of zing on the tongue. Aftertaste is likeâ€¦
Show more
Aroma
3
Appearance
1
Flavor
3
Mouthfeel
2
Overall
6",OB Golden Lager,OB Golden Lager,Oriental Brewery (AB-InBev),"ğŸ‡°ğŸ‡· Seoul, South Korea",Pale Lager - International / Premium,4.8%,,2.14,"OB Golden Lager is an authentic German style 100% malt beer. Crafted from golden malt and selected aroma hop, with Oriental Breweryâ€™s tradition of prefection.",144 cal per 355ml
16,"gunnfryd(19,766)
ğŸ‡³ğŸ‡´Kristiansand, Norway
1.8February 6, 2015
Fonefan 290814. Golden colour with a white head. Aroma is fruit, malt, sugar, berries. Flavour is fruit, malt, sugar, berries, corn, floral. Boring beer.
Aroma
3
Appearance
3
Flavor
3
Mouthfeel
3
Overall
6",OB Golden Lager,OB Golden Lager,Oriental Brewery (AB-InBev),"ğŸ‡°ğŸ‡· Seoul, South Korea",Pale Lager - International / Premium,4.8%,,2.14,"OB Golden Lager is an authentic German style 100% malt beer. Crafted from golden malt and selected aroma hop, with Oriental Breweryâ€™s tradition of prefection.",144 cal per 355ml
17,"Cimbasso(1,893)
ğŸ‡¬ğŸ‡§London, England
2.0February 1, 2015
Sampled in a can at the KAL Lounge at the Tom Bradley International Terminal at LAX. Typical light golden colour. This is a pleasant-tasting lager. It is very light-bodied and typical ofâ€¦
Show more
Aroma
3
Appearance
3
Flavor
4
Mouthfeel
2
Overall
8",OB Golden Lager,OB Golden Lager,Oriental Brewery (AB-InBev),"ğŸ‡°ğŸ‡· Seoul, South Korea",Pale Lager - International / Premium,4.8%,,2.14,"OB Golden Lager is an authentic German style 100% malt beer. Crafted from golden malt and selected aroma hop, with Oriental Breweryâ€™s tradition of prefection.",144 cal per 355ml
18,"magpieken(130)
ğŸ‡¦ğŸ‡ºAustralia
2.4December 5, 2014
Went down Ok with my bowl of noodles. Nothing to write home about. Not bad just quite underwhelming really. Meh.
Aroma
4
Appearance
3
Flavor
4
Mouthfeel
3
Overall
10",OB Golden Lager,OB Golden Lager,Oriental Brewery (AB-InBev),"ğŸ‡°ğŸ‡· Seoul, South Korea",Pale Lager - International / Premium,4.8%,,2.14,"OB Golden Lager is an authentic German style 100% malt beer. Crafted from golden malt and selected aroma hop, with Oriental Breweryâ€™s tradition of prefection.",144 cal per 355ml
19,"bubsir(11)
1.7December 2, 2014
Just what youâ€™d expect for Hite lager (err... Pilsner). Pours fine but is just too light to be real. Just a faint smell of hops. Then it could be coors or any other non-flavored beer. But I guess itâ€™sâ€¦
Show more
Aroma
3
Appearance
3
Flavor
3
Mouthfeel
2
Overall
6",OB Golden Lager,OB Golden Lager,Oriental Brewery (AB-InBev),"ğŸ‡°ğŸ‡· Seoul, South Korea",Pale Lager - International / Premium,4.8%,,2.14,"OB Golden Lager is an authentic German style 100% malt beer. Crafted from golden malt and selected aroma hop, with Oriental Breweryâ€™s tradition of prefection.",144 cal per 355ml
20,"Sevenlee(1,845)
ğŸ‡¦ğŸ‡ºCentral Coast, NSW, Australia
1.8November 3, 2014
Pours a yellow colour with a white head. Aroma is malt with grass and some light hops. Taste is light a refreshing. About as good as can be expected.
Aroma
2
Appearance
3
Flavor
3
Mouthfeel
2
Overall
8",OB Golden Lager,OB Golden Lager,Oriental Brewery (AB-InBev),"ğŸ‡°ğŸ‡· Seoul, South Korea",Pale Lager - International / Premium,4.8%,,2.14,"OB Golden Lager is an authentic German style 100% malt beer. Crafted from golden malt and selected aroma hop, with Oriental Breweryâ€™s tradition of prefection.",144 cal per 355ml
21,"Borresteijn(10,440)
ğŸ‡³ğŸ‡±Heerhugowaard, Netherlands
2.4November 2, 2014
33cl Bottle from an Asian toko at Kinkerstraat. Clear golden colour, white head. Aroma of some bready malts, corn, light grassy, rice. Flavour is medium sweet, light malty, light floral,â€¦
Show more
Aroma
5
Appearance
3
Flavor
5
Mouthfeel
2
Overall
9",OB Golden Lager,OB Golden Lager,Oriental Brewery (AB-InBev),"ğŸ‡°ğŸ‡· Seoul, South Korea",Pale Lager - International / Premium,4.8%,,2.14,"OB Golden Lager is an authentic German style 100% malt beer. Crafted from golden malt and selected aroma hop, with Oriental Breweryâ€™s tradition of prefection.",144 cal per 355ml
22,"Christpuncher(3,215)
ğŸ‡ºğŸ‡¸Chicago, United States
2.8October 18, 2014
A decent lager out of Korea. Very hoppy and malty with a smooth finish. Pours light yellow in color with white head. Had at Jin juâ€¦
Show more
Aroma
6
Appearance
2
Flavor
5
Mouthfeel
3
Overall
12",OB Golden Lager,OB Golden Lager,Oriental Brewery (AB-InBev),"ğŸ‡°ğŸ‡· Seoul, South Korea",Pale Lager - International / Premium,4.8%,,2.14,"OB Golden Lager is an authentic German style 100% malt beer. Crafted from golden malt and selected aroma hop, with Oriental Breweryâ€™s tradition of prefection.",144 cal per 355ml
23,"charule(2,306)
ğŸ‡ºğŸ‡¸Chicago, United States
2.2September 25, 2014
Bottle at korean restaurant. Poured light yellow with min head. Med carb and bod. Aroma corny and light grain. Same taste
Aroma
4
Appearance
1
Flavor
4
Mouthfeel
3
Overall
10",OB Golden Lager,OB Golden Lager,Oriental Brewery (AB-InBev),"ğŸ‡°ğŸ‡· Seoul, South Korea",Pale Lager - International / Premium,4.8%,,2.14,"OB Golden Lager is an authentic German style 100% malt beer. Crafted from golden malt and selected aroma hop, with Oriental Breweryâ€™s tradition of prefection.",144 cal per 355ml
24,"fonefan(70,918)
ğŸ‡©ğŸ‡°VestJylland, Denmark
2.1September 6, 2014
Bottle 500ml. @ pre. The Danish Ratebeer Summer Gathering 2014, TSODRBSG14.â€¦
Show more
Aroma
4
Appearance
3
Flavor
4
Mouthfeel
3
Overall
7",OB Golden Lager,OB Golden Lager,Oriental Brewery (AB-InBev),"ğŸ‡°ğŸ‡· Seoul, South Korea",Pale Lager - International / Premium,4.8%,,2.14,"OB Golden Lager is an authentic German style 100% malt beer. Crafted from golden malt and selected aroma hop, with Oriental Breweryâ€™s tradition of prefection.",144 cal per 355ml
25,"chrisv10(23,978)
ğŸ‡©ğŸ‡°Denmark
1.9August 29, 2014
Bottle. Clear golden with small white head. Aroma is malt, fruit, hop, little straw and a little grass. Flavour is malt, fruit, little grainy, little sweet, thin, watery, little cardboard and little bitter.
Aroma
4
Appearance
2
Flavor
3
Mouthfeel
2
Overall
8",OB Golden Lager,OB Golden Lager,Oriental Brewery (AB-InBev),"ğŸ‡°ğŸ‡· Seoul, South Korea",Pale Lager - International / Premium,4.8%,,2.14,"OB Golden Lager is an authentic German style 100% malt beer. Crafted from golden malt and selected aroma hop, with Oriental Breweryâ€™s tradition of prefection.",144 cal per 355ml
26,"Rasmus40(31,652)
ğŸ‡©ğŸ‡°Beder, Aarhus, Denmark
2.1August 29, 2014
Bottle @ fonefan tasting. Clear yellow with a white head. Aroma is sweet, malty and light hoppy. Flavor is medium sweet. Sweet finish. Watery. 290814
Aroma
4
Appearance
3
Flavor
4
Mouthfeel
2
Overall
8",OB Golden Lager,OB Golden Lager,Oriental Brewery (AB-InBev),"ğŸ‡°ğŸ‡· Seoul, South Korea",Pale Lager - International / Premium,4.8%,,2.14,"OB Golden Lager is an authentic German style 100% malt beer. Crafted from golden malt and selected aroma hop, with Oriental Breweryâ€™s tradition of prefection.",144 cal per 355ml
27,"saxo(26,159)
ğŸ‡©ğŸ‡°Over HornbÃ¦k, Randers, Denmark
1.5August 29, 2014
Bottle @ fonefan tasting. Medium head with medium duration. Color is golden. Aroma and taste are malt, bread and hops.
Aroma
3
Appearance
2
Flavor
3
Mouthfeel
2
Overall
5",OB Golden Lager,OB Golden Lager,Oriental Brewery (AB-InBev),"ğŸ‡°ğŸ‡· Seoul, South Korea",Pale Lager - International / Premium,4.8%,,2.14,"OB Golden Lager is an authentic German style 100% malt beer. Crafted from golden malt and selected aroma hop, with Oriental Breweryâ€™s tradition of prefection.",144 cal per 355ml
28,"Patrickctenchi(7,260)
ğŸ‡ºğŸ‡¸Coxâ€™s Knob, columbus, United States
2.2August 26, 2014
At first, I toyed with the idea of just putting down the terms, Authentic/German/ South Korea and simply walking away from the audacity of the claims......but, what the hell....hereâ€™s a realâ€¦
Show more
Aroma
4
Appearance
4
Flavor
3
Mouthfeel
3
Overall
8",OB Golden Lager,OB Golden Lager,Oriental Brewery (AB-InBev),"ğŸ‡°ğŸ‡· Seoul, South Korea",Pale Lager - International / Premium,4.8%,,2.14,"OB Golden Lager is an authentic German style 100% malt beer. Crafted from golden malt and selected aroma hop, with Oriental Breweryâ€™s tradition of prefection.",144 cal per 355ml
29,"shrubber85(14,083)
ğŸ‡ºğŸ‡¸Greenville, United States
1.6August 24, 2014
Bottle. Corn/barley malt aroma. Golden yellow with moderate head. Sweet corn syrup and barley malt flavor.
Aroma
3
Appearance
3
Flavor
3
Mouthfeel
2
Overall
5",OB Golden Lager,OB Golden Lager,Oriental Brewery (AB-InBev),"ğŸ‡°ğŸ‡· Seoul, South Korea",Pale Lager - International / Premium,4.8%,,2.14,"OB Golden Lager is an authentic German style 100% malt beer. Crafted from golden malt and selected aroma hop, with Oriental Breweryâ€™s tradition of prefection.",144 cal per 355ml
30,"Ngejo(999)
ğŸ‡®ğŸ‡©Jakarta, Indonesia
1.4August 14, 2014
Bottle. Clear, golden, frothy, white foam, lightly bitter, light body, fizzy, & abrupt finish.
Aroma
2
Appearance
3
Flavor
3
Mouthfeel
2
Overall
4",OB Golden Lager,OB Golden Lager,Oriental Brewery (AB-InBev),"ğŸ‡°ğŸ‡· Seoul, South Korea",Pale Lager - International / Premium,4.8%,,2.14,"OB Golden Lager is an authentic German style 100% malt beer. Crafted from golden malt and selected aroma hop, with Oriental Breweryâ€™s tradition of prefection.",144 cal per 355ml
31,"dhunter151(590)
ğŸ‡ºğŸ‡¸Santa Rosa, United States
1.3July 31, 2014
12oz can. Pours golden yellow with a white head. Not very good. A below average lager.â€¦
Show more
Aroma
2
Appearance
2
Flavor
1
Mouthfeel
2
Overall
6",OB Golden Lager,OB Golden Lager,Oriental Brewery (AB-InBev),"ğŸ‡°ğŸ‡· Seoul, South Korea",Pale Lager - International / Premium,4.8%,,2.14,"OB Golden Lager is an authentic German style 100% malt beer. Crafted from golden malt and selected aroma hop, with Oriental Breweryâ€™s tradition of prefection.",144 cal per 355ml
32,"rcasta(867)
ğŸ‡¸ğŸ‡»El Salvador
0.8July 30, 2014
Tipo pilsener pero sin el final amaizado. Probablemente es una cerveza mÃ¡s fina por esto pero todo es relativo
Aroma
1
Appearance
2
Flavor
1
Mouthfeel
2
Overall
2",OB Golden Lager,OB Golden Lager,Oriental Brewery (AB-InBev),"ğŸ‡°ğŸ‡· Seoul, South Korea",Pale Lager - International / Premium,4.8%,,2.14,"OB Golden Lager is an authentic German style 100% malt beer. Crafted from golden malt and selected aroma hop, with Oriental Breweryâ€™s tradition of prefection.",144 cal per 355ml
33,"goozen(5,169)
ğŸ‡³ğŸ‡±Leiden, Netherlands
2.5July 25, 2014
Bottle 0,33ltr: Golden colored brew with an slightly dry bitter taste with some sweetness. Slightly worser than an American Budweiser, but better than the earlier tasted and rated Cassâ€¦
Show more
Aroma
3
Appearance
3
Flavor
3
Mouthfeel
3
Overall
13",OB Golden Lager,OB Golden Lager,Oriental Brewery (AB-InBev),"ğŸ‡°ğŸ‡· Seoul, South Korea",Pale Lager - International / Premium,4.8%,,2.14,"OB Golden Lager is an authentic German style 100% malt beer. Crafted from golden malt and selected aroma hop, with Oriental Breweryâ€™s tradition of prefection.",144 cal per 355ml
34,"JaKeAFC(1,885)
ğŸ‡®ğŸ‡¹Italy
1.8July 10, 2014
33 cl bottle in hong kong, pale yellow color, smooth white head. Nothing on the nose, aroma is paper, grains, carboard and glucose. Mild taste, nothing more going on.
Aroma
4
Appearance
2
Flavor
3
Mouthfeel
2
Overall
7",OB Golden Lager,OB Golden Lager,Oriental Brewery (AB-InBev),"ğŸ‡°ğŸ‡· Seoul, South Korea",Pale Lager - International / Premium,4.8%,,2.14,"OB Golden Lager is an authentic German style 100% malt beer. Crafted from golden malt and selected aroma hop, with Oriental Breweryâ€™s tradition of prefection.",144 cal per 355ml
35,"andrepintado(3,998)
ğŸ‡µğŸ‡¹Porto, Portugal
2.2June 29, 2014
33cl bottle thanks to ruigo. Color is gold. Appearance is light hazy. Head is thin. Body is medium to light. Aroma is cereal and corn.
Aroma
4
Appearance
2
Flavor
4
Mouthfeel
2
Overall
10",OB Golden Lager,OB Golden Lager,Oriental Brewery (AB-InBev),"ğŸ‡°ğŸ‡· Seoul, South Korea",Pale Lager - International / Premium,4.8%,,2.14,"OB Golden Lager is an authentic German style 100% malt beer. Crafted from golden malt and selected aroma hop, with Oriental Breweryâ€™s tradition of prefection.",144 cal per 355ml
36,"mkel07(9,946)
ğŸ‡¦ğŸ‡ºBrisbane, Australia
2.0June 18, 2014
Clear orange colour with some floral hop aromas and an even head. Smooth clean taste but not really that interesting
Aroma
4
Appearance
2
Flavor
4
Mouthfeel
2
Overall
8",OB Golden Lager,OB Golden Lager,Oriental Brewery (AB-InBev),"ğŸ‡°ğŸ‡· Seoul, South Korea",Pale Lager - International / Premium,4.8%,,2.14,"OB Golden Lager is an authentic German style 100% malt beer. Crafted from golden malt and selected aroma hop, with Oriental Breweryâ€™s tradition of prefection.",144 cal per 355ml
37,"Imaena(2,404)
ğŸ‡ºğŸ‡¦Kyiv, Ukraine
1.3May 29, 2014
Can. I had this on a flight from Detroit to Korea and it was pretty bland stuff. Fizzy with a hint of cardboard.
Aroma
2
Appearance
2
Flavor
2
Mouthfeel
1
Overall
6",OB Golden Lager,OB Golden Lager,Oriental Brewery (AB-InBev),"ğŸ‡°ğŸ‡· Seoul, South Korea",Pale Lager - International / Premium,4.8%,,2.14,"OB Golden Lager is an authentic German style 100% malt beer. Crafted from golden malt and selected aroma hop, with Oriental Breweryâ€™s tradition of prefection.",144 cal per 355ml
38,"MarkoNm(5,581)
ğŸ‡¸ğŸ‡®Novo mesto, Slovenia
2.4May 20, 2014
Pours a clear golden color, topped with a very generous and slowly disappearing white head.â€¦
Show more
Aroma
5
Appearance
3
Flavor
4
Mouthfeel
2
Overall
10",OB Golden Lager,OB Golden Lager,Oriental Brewery (AB-InBev),"ğŸ‡°ğŸ‡· Seoul, South Korea",Pale Lager - International / Premium,4.8%,,2.14,"OB Golden Lager is an authentic German style 100% malt beer. Crafted from golden malt and selected aroma hop, with Oriental Breweryâ€™s tradition of prefection.",144 cal per 355ml
39,"samparkique4(61)
3.5May 1, 2014
bread, toast, citrus, herbs, dough, leather, cooked vegetables, 
score is 2.8 - 3.5 in between
Aroma
7
Appearance
3
Flavor
8
Mouthfeel
2
Overall
15",OB Golden Lager,OB Golden Lager,Oriental Brewery (AB-InBev),"ğŸ‡°ğŸ‡· Seoul, South Korea",Pale Lager - International / Premium,4.8%,,2.14,"OB Golden Lager is an authentic German style 100% malt beer. Crafted from golden malt and selected aroma hop, with Oriental Breweryâ€™s tradition of prefection.",144 cal per 355ml
40,"Lubiere(21,002)
ğŸ‡¨ğŸ‡¦Ottawa, Canada
2.8April 19, 2014
A pale golden lager with a thin white head. In aroma, pleasant crisp malt with light German hops, light mineral notes, OK. In mouth, as expected, easy to drink, light grassy hops, grainyâ€¦
Show more
Aroma
6
Appearance
2
Flavor
6
Mouthfeel
3
Overall
11",OB Golden Lager,OB Golden Lager,Oriental Brewery (AB-InBev),"ğŸ‡°ğŸ‡· Seoul, South Korea",Pale Lager - International / Premium,4.8%,,2.14,"OB Golden Lager is an authentic German style 100% malt beer. Crafted from golden malt and selected aroma hop, with Oriental Breweryâ€™s tradition of prefection.",144 cal per 355ml
41,"PeatyPete(1,162)
ğŸ‡³ğŸ‡±Netherlands
1.5April 7, 2014
355 ml can from Seoul. Braille Writing on the top. Thatâ€™s the first time that I see this on a beer can. Great. Bright golden colour with quickly vanishing white head. Very thin aroma.â€¦
Show more
Aroma
2
Appearance
2
Flavor
3
Mouthfeel
2
Overall
6",OB Golden Lager,OB Golden Lager,Oriental Brewery (AB-InBev),"ğŸ‡°ğŸ‡· Seoul, South Korea",Pale Lager - International / Premium,4.8%,,2.14,"OB Golden Lager is an authentic German style 100% malt beer. Crafted from golden malt and selected aroma hop, with Oriental Breweryâ€™s tradition of prefection.",144 cal per 355ml
42,"DandyWolfFloyd(1,839)
ğŸ‡ºğŸ‡¸Jim Thorpe, United States
2.3April 7, 2014
Aroma - is slightly wheat and hay, a little grass
Appearance - gold colored body; liquid is clean and clear; headâ€¦
Show more
Aroma
4
Appearance
3
Flavor
4
Mouthfeel
2
Overall
10",OB Golden Lager,OB Golden Lager,Oriental Brewery (AB-InBev),"ğŸ‡°ğŸ‡· Seoul, South Korea",Pale Lager - International / Premium,4.8%,,2.14,"OB Golden Lager is an authentic German style 100% malt beer. Crafted from golden malt and selected aroma hop, with Oriental Breweryâ€™s tradition of prefection.",144 cal per 355ml
43,"trapped(6,574)
ğŸ‡¹ğŸ‡·New York, Turkey
1.9April 5, 2014
Bottle. Pale yellow with very small white foamy head, doughy aroma, low carbonation, flat slightly sour taste, abrupt finish. Ver much generic.
Aroma
4
Appearance
2
Flavor
4
Mouthfeel
2
Overall
7",OB Golden Lager,OB Golden Lager,Oriental Brewery (AB-InBev),"ğŸ‡°ğŸ‡· Seoul, South Korea",Pale Lager - International / Premium,4.8%,,2.14,"OB Golden Lager is an authentic German style 100% malt beer. Crafted from golden malt and selected aroma hop, with Oriental Breweryâ€™s tradition of prefection.",144 cal per 355ml
44,"bobbert(10)
0.6March 3, 2014
Much worse than the slightly older OB Blue. A pathetic attempt at a German-style lager. A truly pretentious beer if there ever was one.â€¦
Show more
Aroma
2
Appearance
1
Flavor
1
Mouthfeel
1
Overall
1",OB Golden Lager,OB Golden Lager,Oriental Brewery (AB-InBev),"ğŸ‡°ğŸ‡· Seoul, South Korea",Pale Lager - International / Premium,4.8%,,2.14,"OB Golden Lager is an authentic German style 100% malt beer. Crafted from golden malt and selected aroma hop, with Oriental Breweryâ€™s tradition of prefection.",144 cal per 355ml
45,"Dodgrblu(760)
ğŸ‡ºğŸ‡¸Sacramento, United States
2.7February 27, 2014
22 ounce bottle at Aura Sacramento, slight hoppiness, crisp, yellow, some grass.
Aroma
4
Appearance
2
Flavor
5
Mouthfeel
3
Overall
13",OB Golden Lager,OB Golden Lager,Oriental Brewery (AB-InBev),"ğŸ‡°ğŸ‡· Seoul, South Korea",Pale Lager - International / Premium,4.8%,,2.14,"OB Golden Lager is an authentic German style 100% malt beer. Crafted from golden malt and selected aroma hop, with Oriental Breweryâ€™s tradition of prefection.",144 cal per 355ml
46,"MRMedellin(410)
ğŸ‡¨ğŸ‡´Bogota, Colombia
1.6February 25, 2014
Sweet aroma, in glass is a clear golden beer with low carbonation and small head. When you smell it just only malt notes are felt. The taste in fact just only have malt flavorsâ€¦
Show more
Aroma
4
Appearance
2
Flavor
3
Mouthfeel
2
Overall
5",OB Golden Lager,OB Golden Lager,Oriental Brewery (AB-InBev),"ğŸ‡°ğŸ‡· Seoul, South Korea",Pale Lager - International / Premium,4.8%,,2.14,"OB Golden Lager is an authentic German style 100% malt beer. Crafted from golden malt and selected aroma hop, with Oriental Breweryâ€™s tradition of prefection.",144 cal per 355ml
47,"ALLOVATE(3,708)
ğŸ‡¦ğŸ‡ºPerth, Australia
2.4February 19, 2014
Straw gold with low carbonation and a thrifty, quickly fading foam. Nose has hints of Fairy Floss, haybales, DMS creamed corn but is so subdued it is almost absent. Light bodied, softâ€¦
Show more
Aroma
5
Appearance
2
Flavor
5
Mouthfeel
2
Overall
10",OB Golden Lager,OB Golden Lager,Oriental Brewery (AB-InBev),"ğŸ‡°ğŸ‡· Seoul, South Korea",Pale Lager - International / Premium,4.8%,,2.14,"OB Golden Lager is an authentic German style 100% malt beer. Crafted from golden malt and selected aroma hop, with Oriental Breweryâ€™s tradition of prefection.",144 cal per 355ml
48,"Fatehunter(3,657)
ğŸ‡ºğŸ‡¸Corbett, United States
2.6February 16, 2014
Pours two fingers of head on a clear golden colored body. Live up to the name.â€¦
Show more
Aroma
3
Appearance
5
Flavor
5
Mouthfeel
3
Overall
10",OB Golden Lager,OB Golden Lager,Oriental Brewery (AB-InBev),"ğŸ‡°ğŸ‡· Seoul, South Korea",Pale Lager - International / Premium,4.8%,,2.14,"OB Golden Lager is an authentic German style 100% malt beer. Crafted from golden malt and selected aroma hop, with Oriental Breweryâ€™s tradition of prefection.",144 cal per 355ml
49,"Cuso(14,237)
ğŸ‡¸ğŸ‡°Bratislava, Slovakia
1.8January 25, 2014
Bottle from Oriental grocery, Bratislava. Golden color with small white head. Old malt, corn, DMS in aroma. Taste, sweet malt, corn, sugar, DMS.
Aroma
4
Appearance
3
Flavor
4
Mouthfeel
2
Overall
5",OB Golden Lager,OB Golden Lager,Oriental Brewery (AB-InBev),"ğŸ‡°ğŸ‡· Seoul, South Korea",Pale Lager - International / Premium,4.8%,,2.14,"OB Golden Lager is an authentic German style 100% malt beer. Crafted from golden malt and selected aroma hop, with Oriental Breweryâ€™s tradition of prefection.",144 cal per 355ml
50,"Tonkun(1,295)
ğŸ‡ºğŸ‡¸United States
2.2December 29, 2013
Bottle. Golden pour with a thick white head. Hop, bread and slight fruit. Not as light a body as other Asian beer but a typical lager. Goes very well with Korean BBQ
Aroma
3
Appearance
3
Flavor
3
Mouthfeel
3
Overall
10",OB Golden Lager,OB Golden Lager,Oriental Brewery (AB-InBev),"ğŸ‡°ğŸ‡· Seoul, South Korea",Pale Lager - International / Premium,4.8%,,2.14,"OB Golden Lager is an authentic German style 100% malt beer. Crafted from golden malt and selected aroma hop, with Oriental Breweryâ€™s tradition of prefection.",144 cal per 355ml
51,"madquacker(1,189)
ğŸ‡¦ğŸ‡ºCanberra ACT, Australia
2.6December 27, 2013
This beer is fine. A bit dull but is crisp and does the job. Not sure about the German hops but at least it does not reek of corn. Watery with some hoppy and malty notes. Lowâ€¦
Show more
Aroma
5
Appearance
2
Flavor
5
Mouthfeel
3
Overall
11",OB Golden Lager,OB Golden Lager,Oriental Brewery (AB-InBev),"ğŸ‡°ğŸ‡· Seoul, South Korea",Pale Lager - International / Premium,4.8%,,2.14,"OB Golden Lager is an authentic German style 100% malt beer. Crafted from golden malt and selected aroma hop, with Oriental Breweryâ€™s tradition of prefection.",144 cal per 355ml
52,"luttonm(7,592)
ğŸ‡ºğŸ‡¸Seattle, United States
2.3December 20, 2013
Bottle from Ranch 99 in Edmonds. Pale clear yellow, cidery, foamy head. Soapy hops, pale vaguely european malty lager. Muddled, odd mashup of asian and euro mass market lager.â€¦
Show more
Aroma
5
Appearance
2
Flavor
5
Mouthfeel
2
Overall
9",OB Golden Lager,OB Golden Lager,Oriental Brewery (AB-InBev),"ğŸ‡°ğŸ‡· Seoul, South Korea",Pale Lager - International / Premium,4.8%,,2.14,"OB Golden Lager is an authentic German style 100% malt beer. Crafted from golden malt and selected aroma hop, with Oriental Breweryâ€™s tradition of prefection.",144 cal per 355ml
53,"GoufCustom(3,017)
ğŸ‡­ğŸ‡°Hong Kong
2.3November 25, 2013
355 ml can bought at Aeon in Skyline Plaza, Tsuen Wan.â€¦
Show more
Aroma
6
Appearance
3
Flavor
6
Mouthfeel
2
Overall
6",OB Golden Lager,OB Golden Lager,Oriental Brewery (AB-InBev),"ğŸ‡°ğŸ‡· Seoul, South Korea",Pale Lager - International / Premium,4.8%,,2.14,"OB Golden Lager is an authentic German style 100% malt beer. Crafted from golden malt and selected aroma hop, with Oriental Breweryâ€™s tradition of prefection.",144 cal per 355ml
54,"radagast83(11,619)
ğŸ‡ºğŸ‡¸Arlington, United States
2.4November 16, 2013
Bottle at a nice DC Korean restaurant. This one poured a pretty clear, pale yellow color with a small sized fluffy white head. Aroma was mellow pale malts, some light earthy and grassyâ€¦
Show more
Aroma
5
Appearance
2
Flavor
5
Mouthfeel
2
Overall
10",OB Golden Lager,OB Golden Lager,Oriental Brewery (AB-InBev),"ğŸ‡°ğŸ‡· Seoul, South Korea",Pale Lager - International / Premium,4.8%,,2.14,"OB Golden Lager is an authentic German style 100% malt beer. Crafted from golden malt and selected aroma hop, with Oriental Breweryâ€™s tradition of prefection.",144 cal per 355ml
55,"Meilby(13,756)
ğŸ‡³ğŸ‡´Kristiansand, Norway
2.0August 16, 2013
Bottle 640ml @ Roadem BBQ, Kearny Mesa, San Diego, CA
 Pours clear golden with a small white head. Aroma has notes of malt, corn and floral. Taste is light sweet and light bitter.â€¦
Show more
Aroma
4
Appearance
3
Flavor
4
Mouthfeel
3
Overall
6",OB Golden Lager,OB Golden Lager,Oriental Brewery (AB-InBev),"ğŸ‡°ğŸ‡· Seoul, South Korea",Pale Lager - International / Premium,4.8%,,2.14,"OB Golden Lager is an authentic German style 100% malt beer. Crafted from golden malt and selected aroma hop, with Oriental Breweryâ€™s tradition of prefection.",144 cal per 355ml
56,"Geokkjer(7,700)
ğŸ‡³ğŸ‡´Kristiansand, Norway
2.1August 15, 2013
Bottle. Pours golden with a white head. Aroma of malt, fruitiness, some floral notes and hay. Flavor is sweet and cooked corn with some malt and fruitiness. Medium to thinâ€¦
Show more
Aroma
4
Appearance
3
Flavor
3
Mouthfeel
3
Overall
8",OB Golden Lager,OB Golden Lager,Oriental Brewery (AB-InBev),"ğŸ‡°ğŸ‡· Seoul, South Korea",Pale Lager - International / Premium,4.8%,,2.14,"OB Golden Lager is an authentic German style 100% malt beer. Crafted from golden malt and selected aroma hop, with Oriental Breweryâ€™s tradition of prefection.",144 cal per 355ml
57,"yngwie(21,033)
ğŸ‡³ğŸ‡´Kristiansand, Norway
2.2August 15, 2013
Bottle, 64cl. A clear golden beer with a nice white head. The aroma is weak, with some fruityness and pale malts. Hay too. Not much flavor either, a faint bitterness, pale malts andâ€¦
Show more
Aroma
4
Appearance
3
Flavor
4
Mouthfeel
3
Overall
8",OB Golden Lager,OB Golden Lager,Oriental Brewery (AB-InBev),"ğŸ‡°ğŸ‡· Seoul, South Korea",Pale Lager - International / Premium,4.8%,,2.14,"OB Golden Lager is an authentic German style 100% malt beer. Crafted from golden malt and selected aroma hop, with Oriental Breweryâ€™s tradition of prefection.",144 cal per 355ml
58,"bhensonb(20,714)
ğŸ‡ºğŸ‡¸Woodland, United States
1.9July 19, 2013
Bottle from Oto Market in Sacramento, CA. Pours light gold with a creamy white head. Aroma is bready with the barest hint of noble hop. Med body. Flavor is virtually non-existent - lightâ€¦
Show more
Aroma
3
Appearance
3
Flavor
3
Mouthfeel
2
Overall
8",OB Golden Lager,OB Golden Lager,Oriental Brewery (AB-InBev),"ğŸ‡°ğŸ‡· Seoul, South Korea",Pale Lager - International / Premium,4.8%,,2.14,"OB Golden Lager is an authentic German style 100% malt beer. Crafted from golden malt and selected aroma hop, with Oriental Breweryâ€™s tradition of prefection.",144 cal per 355ml
59,"MichaelAwesome(7,167)
ğŸ‡©ğŸ‡ªWanne-Eickel, Germany
1.8July 13, 2013
Bottle from a Japan shop in Duesseldorf shared with McTapps. What do you expect from a simple Lager ? Aromas of malt, rice, bit sugar. Just another drinkable beer with a strange, slightlyâ€¦
Show more
Aroma
2
Appearance
3
Flavor
4
Mouthfeel
2
Overall
7",OB Golden Lager,OB Golden Lager,Oriental Brewery (AB-InBev),"ğŸ‡°ğŸ‡· Seoul, South Korea",Pale Lager - International / Premium,4.8%,,2.14,"OB Golden Lager is an authentic German style 100% malt beer. Crafted from golden malt and selected aroma hop, with Oriental Breweryâ€™s tradition of prefection.",144 cal per 355ml
60,"McTapps(8,105)
ğŸ‡©ğŸ‡ªReutlingen, Germany
1.9July 13, 2013
Clear golden colour with unsteady low head and medium to thin body. Nose of light hops. Taste of water, light hops, light barley and icetea. Watery and thin finish. There is no real taste at all,â€¦
Show more
Aroma
4
Appearance
3
Flavor
5
Mouthfeel
2
Overall
5",OB Golden Lager,OB Golden Lager,Oriental Brewery (AB-InBev),"ğŸ‡°ğŸ‡· Seoul, South Korea",Pale Lager - International / Premium,4.8%,,2.14,"OB Golden Lager is an authentic German style 100% malt beer. Crafted from golden malt and selected aroma hop, with Oriental Breweryâ€™s tradition of prefection.",144 cal per 355ml
61,"maxwelldeux(4,373)
ğŸ‡ºğŸ‡¸Snohomish, United States
1.1July 4, 2013
Can. Vague smell of aluminum and a slight bit of corn, making me think of all the other crappy pale lagers this is almost identical to. Taste is vaguely sickly bitter and unappealing.â€¦
Show more
Aroma
3
Appearance
2
Flavor
1
Mouthfeel
1
Overall
4",OB Golden Lager,OB Golden Lager,Oriental Brewery (AB-InBev),"ğŸ‡°ğŸ‡· Seoul, South Korea",Pale Lager - International / Premium,4.8%,,2.14,"OB Golden Lager is an authentic German style 100% malt beer. Crafted from golden malt and selected aroma hop, with Oriental Breweryâ€™s tradition of prefection.",144 cal per 355ml
62,"FatPhil(23,248)
ğŸ‡ªğŸ‡ªTallinn, Estonia
2.0May 25, 2013
500ml bottle (Some Korean Barbeque, Suwon)â€¦
Show more
Aroma
4
Appearance
2
Flavor
4
Mouthfeel
2
Overall
8",OB Golden Lager,OB Golden Lager,Oriental Brewery (AB-InBev),"ğŸ‡°ğŸ‡· Seoul, South Korea",Pale Lager - International / Premium,4.8%,,2.14,"OB Golden Lager is an authentic German style 100% malt beer. Crafted from golden malt and selected aroma hop, with Oriental Breweryâ€™s tradition of prefection.",144 cal per 355ml
63,"Scampy(6)
3.0April 26, 2013
Compare to a German Lager, this tastes a bit bitter, but compare to other korean beer, OB Golden Lager is the best
Aroma
5
Appearance
2
Flavor
5
Mouthfeel
2
Overall
16",OB Golden Lager,OB Golden Lager,Oriental Brewery (AB-InBev),"ğŸ‡°ğŸ‡· Seoul, South Korea",Pale Lager - International / Premium,4.8%,,2.14,"OB Golden Lager is an authentic German style 100% malt beer. Crafted from golden malt and selected aroma hop, with Oriental Breweryâ€™s tradition of prefection.",144 cal per 355ml
64,"crossovert(17,162)
ğŸ‡ºğŸ‡¸Chicago, United States
0.6April 8, 2013
Seems staleish, rotten veggies, salty, really insipid beer on par or worse than any aal.
Aroma
1
Appearance
1
Flavor
1
Mouthfeel
1
Overall
2",OB Golden Lager,OB Golden Lager,Oriental Brewery (AB-InBev),"ğŸ‡°ğŸ‡· Seoul, South Korea",Pale Lager - International / Premium,4.8%,,2.14,"OB Golden Lager is an authentic German style 100% malt beer. Crafted from golden malt and selected aroma hop, with Oriental Breweryâ€™s tradition of prefection.",144 cal per 355ml
65,"hombrepalo(1,974)
ğŸ‡ºğŸ‡¸CHICAGO, United States
1.6March 24, 2013
Bottle at Korean restaurant. Faint maizy aroma, slight watery flavour, no finish. The commercial description is a lie. If you are in a Korean restaurant and they have this or water, drink water.
Aroma
3
Appearance
2
Flavor
4
Mouthfeel
2
Overall
5",OB Golden Lager,OB Golden Lager,Oriental Brewery (AB-InBev),"ğŸ‡°ğŸ‡· Seoul, South Korea",Pale Lager - International / Premium,4.8%,,2.14,"OB Golden Lager is an authentic German style 100% malt beer. Crafted from golden malt and selected aroma hop, with Oriental Breweryâ€™s tradition of prefection.",144 cal per 355ml
66,"critic81(10)
4.7March 23, 2013
Very good wheat beer Very good wheat beer Very good wheat beer Very good wheat beer Very good wheat beerâ€¦
Show more
Aroma
8
Appearance
5
Flavor
9
Mouthfeel
5
Overall
20",OB Golden Lager,OB Golden Lager,Oriental Brewery (AB-InBev),"ğŸ‡°ğŸ‡· Seoul, South Korea",Pale Lager - International / Premium,4.8%,,2.14,"OB Golden Lager is an authentic German style 100% malt beer. Crafted from golden malt and selected aroma hop, with Oriental Breweryâ€™s tradition of prefection.",144 cal per 355ml
67,"high_on_hops(815)
ğŸ‡ºğŸ‡¸Burlingame, United States
2.3March 11, 2013
Pours a medium gold with a foamy white head and some lacing. It has a faint aroma of pale malt and light hops and a flavor that is the same notes up front with a crisp aftertasteâ€¦
Show more
Aroma
4
Appearance
3
Flavor
5
Mouthfeel
3
Overall
8",OB Golden Lager,OB Golden Lager,Oriental Brewery (AB-InBev),"ğŸ‡°ğŸ‡· Seoul, South Korea",Pale Lager - International / Premium,4.8%,,2.14,"OB Golden Lager is an authentic German style 100% malt beer. Crafted from golden malt and selected aroma hop, with Oriental Breweryâ€™s tradition of prefection.",144 cal per 355ml
68,"Bygers(1,187)
ğŸ‡³ğŸ‡´Oslo, Norway
1.8December 26, 2012
Can 0,33l. Pours a pale golden color medium white head that diminish and leaves no lacing. Aroma of grassy and citrus notes. Taste is malty sweetness balanced with some grassyâ€¦
Show more
Aroma
4
Appearance
2
Flavor
3
Mouthfeel
2
Overall
7",OB Golden Lager,OB Golden Lager,Oriental Brewery (AB-InBev),"ğŸ‡°ğŸ‡· Seoul, South Korea",Pale Lager - International / Premium,4.8%,,2.14,"OB Golden Lager is an authentic German style 100% malt beer. Crafted from golden malt and selected aroma hop, with Oriental Breweryâ€™s tradition of prefection.",144 cal per 355ml
69,"zdk(1,917)
ğŸ‡ºğŸ‡¸New York, United States
2.8December 17, 2012
bottle at a local korean restaurant. Lightly sweet, grainy beer with nose slightly hoppy with some pilsner-like crispness. The taste is grains and sweet corn. Pairs decently well with spiceyâ€¦
Show more
Aroma
4
Appearance
3
Flavor
5
Mouthfeel
3
Overall
13",OB Golden Lager,OB Golden Lager,Oriental Brewery (AB-InBev),"ğŸ‡°ğŸ‡· Seoul, South Korea",Pale Lager - International / Premium,4.8%,,2.14,"OB Golden Lager is an authentic German style 100% malt beer. Crafted from golden malt and selected aroma hop, with Oriental Breweryâ€™s tradition of prefection.",144 cal per 355ml
70,"fredthecat(548)
ğŸ‡¨ğŸ‡¦Canada
2.4October 7, 2012
clear golden with a tiny lace. smell is a light caramel and popcorn. taste is vegetal, somewhat hoppy,a tiny bit of alcohol, balanced overall. body is thin and not overcarbonated. thisâ€¦
Show more
Aroma
5
Appearance
2
Flavor
5
Mouthfeel
2
Overall
10",OB Golden Lager,OB Golden Lager,Oriental Brewery (AB-InBev),"ğŸ‡°ğŸ‡· Seoul, South Korea",Pale Lager - International / Premium,4.8%,,2.14,"OB Golden Lager is an authentic German style 100% malt beer. Crafted from golden malt and selected aroma hop, with Oriental Breweryâ€™s tradition of prefection.",144 cal per 355ml
71,"Bart(2,934)
ğŸ‡§ğŸ‡ªBrussels, Belgium
2.7September 29, 2012
355ml Canned from a local supermarket in Seoul. Clear blond coloured beer with some very light carbonation and a medium but diminishing white head. Sweet veggy malty and grainyâ€¦
Show more
Aroma
6
Appearance
3
Flavor
6
Mouthfeel
3
Overall
9",OB Golden Lager,OB Golden Lager,Oriental Brewery (AB-InBev),"ğŸ‡°ğŸ‡· Seoul, South Korea",Pale Lager - International / Premium,4.8%,,2.14,"OB Golden Lager is an authentic German style 100% malt beer. Crafted from golden malt and selected aroma hop, with Oriental Breweryâ€™s tradition of prefection.",144 cal per 355ml
72,"brokensail(20,346)
ğŸ‡ºğŸ‡¸Bay Area, United States
3.1September 4, 2012
A clear golden color with a tall white head.  Biscuit and bready malt notes with a bit of a grain/cereal sweetness.  A hint of floral hops, a mild yeast note, and a bit of apple ester.  Theâ€¦
Show more
Aroma
5
Appearance
4
Flavor
5
Mouthfeel
4
Overall
13",OB Golden Lager,OB Golden Lager,Oriental Brewery (AB-InBev),"ğŸ‡°ğŸ‡· Seoul, South Korea",Pale Lager - International / Premium,4.8%,,2.14,"OB Golden Lager is an authentic German style 100% malt beer. Crafted from golden malt and selected aroma hop, with Oriental Breweryâ€™s tradition of prefection.",144 cal per 355ml
73,"Pyobon(2,456)
ğŸ‡¦ğŸ‡ºSydney, Australia
2.2July 1, 2012
(can) Clear pale gold with decent white head. Reasonable aroma with grassy hops. Light body, well carbonated. The taste really lets it down though: it is thin and rather sour althoughâ€¦
Show more
Aroma
6
Appearance
3
Flavor
3
Mouthfeel
3
Overall
7",OB Golden Lager,OB Golden Lager,Oriental Brewery (AB-InBev),"ğŸ‡°ğŸ‡· Seoul, South Korea",Pale Lager - International / Premium,4.8%,,2.14,"OB Golden Lager is an authentic German style 100% malt beer. Crafted from golden malt and selected aroma hop, with Oriental Breweryâ€™s tradition of prefection.",144 cal per 355ml
74,"kiwianer(4,068)
ğŸ‡³ğŸ‡¿Otorohanga, New Zealand
1.8May 28, 2012
Es entsteht sogar eine Schaumkrone die fÃ¼r einen Exoten mittelmÃ¤ÃŸig hÃ¤lt. Geschmacklich ist es sehr sehr wÃ¤ssrig man schmeckt nur ein kleines bisschen sÃ¤uerlichkeit. Imâ€¦
Show more
Aroma
4
Appearance
2
Flavor
3
Mouthfeel
2
Overall
7",OB Golden Lager,OB Golden Lager,Oriental Brewery (AB-InBev),"ğŸ‡°ğŸ‡· Seoul, South Korea",Pale Lager - International / Premium,4.8%,,2.14,"OB Golden Lager is an authentic German style 100% malt beer. Crafted from golden malt and selected aroma hop, with Oriental Breweryâ€™s tradition of prefection.",144 cal per 355ml
75,"reebtogi(6,499)
ğŸ‡¨ğŸ‡¦Edmonton, Canada
2.9May 2, 2012
330ml bottle pours a pale golden color with a finger of white head that settles down to leave a few specks of lacing on the glass.  Aroma is mild cereal grains with some grassy andâ€¦
Show more
Aroma
5
Appearance
3
Flavor
6
Mouthfeel
3
Overall
12",OB Golden Lager,OB Golden Lager,Oriental Brewery (AB-InBev),"ğŸ‡°ğŸ‡· Seoul, South Korea",Pale Lager - International / Premium,4.8%,,2.14,"OB Golden Lager is an authentic German style 100% malt beer. Crafted from golden malt and selected aroma hop, with Oriental Breweryâ€™s tradition of prefection.",144 cal per 355ml
76,"WVHouseofBeer(1,152)
ğŸ‡ºğŸ‡¸United States
2.0April 13, 2012
Although the tastes and aromas are minimal, at least there is some presence of hops/malt in this beer. Iâ€™d say itâ€™s a slight step above the other Korean pale lagers.
Aroma
4
Appearance
2
Flavor
4
Mouthfeel
2
Overall
8",OB Golden Lager,OB Golden Lager,Oriental Brewery (AB-InBev),"ğŸ‡°ğŸ‡· Seoul, South Korea",Pale Lager - International / Premium,4.8%,,2.14,"OB Golden Lager is an authentic German style 100% malt beer. Crafted from golden malt and selected aroma hop, with Oriental Breweryâ€™s tradition of prefection.",144 cal per 355ml
77,"obguthr(10,954)
ğŸ‡ºğŸ‡¸Staunton, United States
1.8March 4, 2012
Bottle at E-mart, Newport News VA: Sweet corn aroma with a little honey. Clear yellow, medium head. Dry, weak, corn flavor, slightly chemical.
Aroma
7
Appearance
3
Flavor
2
Mouthfeel
2
Overall
4",OB Golden Lager,OB Golden Lager,Oriental Brewery (AB-InBev),"ğŸ‡°ğŸ‡· Seoul, South Korea",Pale Lager - International / Premium,4.8%,,2.14,"OB Golden Lager is an authentic German style 100% malt beer. Crafted from golden malt and selected aroma hop, with Oriental Breweryâ€™s tradition of prefection.",144 cal per 355ml
78,"Palme(5,036)
ğŸ‡³ğŸ‡´Bergen, Norway
2.5January 4, 2012
0.5l can. After one of the longest working-days of my life itâ€™s finally time to pop a well earned Golden Lager before I go to bed. This one is clear as clear can get, golden and it has a thinâ€¦
Show more
Aroma
4
Appearance
3
Flavor
5
Mouthfeel
3
Overall
10",OB Golden Lager,OB Golden Lager,Oriental Brewery (AB-InBev),"ğŸ‡°ğŸ‡· Seoul, South Korea",Pale Lager - International / Premium,4.8%,,2.14,"OB Golden Lager is an authentic German style 100% malt beer. Crafted from golden malt and selected aroma hop, with Oriental Breweryâ€™s tradition of prefection.",144 cal per 355ml
79,"DeanF(10,049)
ğŸ‡¨ğŸ‡¦New Westminster, Canada
2.0December 31, 2011
Has that foamy head, but with slightly more staying power than the Chinese beers - at least the Koreans are learning! Aroma is lemon and a slight hint of malt. Flavour is sweet cardboardâ€¦
Show more
Aroma
4
Appearance
2
Flavor
4
Mouthfeel
2
Overall
8",OB Golden Lager,OB Golden Lager,Oriental Brewery (AB-InBev),"ğŸ‡°ğŸ‡· Seoul, South Korea",Pale Lager - International / Premium,4.8%,,2.14,"OB Golden Lager is an authentic German style 100% malt beer. Crafted from golden malt and selected aroma hop, with Oriental Breweryâ€™s tradition of prefection.",144 cal per 355ml
80,"dwyerpg(9,388)
ğŸ‡ºğŸ‡¸Las Vegas, United States
2.0December 31, 2011
Fairly malty in the aroma. Looks a bit peeish. the flavor is eh. A filling lager taste to it with a bit of fruitiness but not really in a good way.
Aroma
6
Appearance
2
Flavor
4
Mouthfeel
2
Overall
6",OB Golden Lager,OB Golden Lager,Oriental Brewery (AB-InBev),"ğŸ‡°ğŸ‡· Seoul, South Korea",Pale Lager - International / Premium,4.8%,,2.14,"OB Golden Lager is an authentic German style 100% malt beer. Crafted from golden malt and selected aroma hop, with Oriental Breweryâ€™s tradition of prefection.",144 cal per 355ml
81,"GodOfThunder(1,302)
ğŸ‡ºğŸ‡¸Orlando, United States
2.0December 19, 2011
Thanks to SHIG.  A non-offensive pale lager.  Nothing too exciting.  Nothing too bad.  Thanks, SHIG!
Aroma
4
Appearance
2
Flavor
4
Mouthfeel
2
Overall
8",OB Golden Lager,OB Golden Lager,Oriental Brewery (AB-InBev),"ğŸ‡°ğŸ‡· Seoul, South Korea",Pale Lager - International / Premium,4.8%,,2.14,"OB Golden Lager is an authentic German style 100% malt beer. Crafted from golden malt and selected aroma hop, with Oriental Breweryâ€™s tradition of prefection.",144 cal per 355ml
82,"Theis(15,148)
ğŸ‡©ğŸ‡°Frederiksberg, Denmark
1.6December 8, 2011
Bottle at Papsoeâ€™s - Thanks. Clear golden - white head. Rice, sulfor, sweetness, minerals, artificial, dog, fur, light hoppy, light grassy, grainy notes, light bitter finish.
Aroma
3
Appearance
2
Flavor
3
Mouthfeel
2
Overall
6",OB Golden Lager,OB Golden Lager,Oriental Brewery (AB-InBev),"ğŸ‡°ğŸ‡· Seoul, South Korea",Pale Lager - International / Premium,4.8%,,2.14,"OB Golden Lager is an authentic German style 100% malt beer. Crafted from golden malt and selected aroma hop, with Oriental Breweryâ€™s tradition of prefection.",144 cal per 355ml
83,"deanso(15,171)
ğŸ‡¬ğŸ‡§Doncaster, England
2.3December 4, 2011
bottle at a Korean restaurant in New York.
Clear golden pale pour.  Ok lager, nothingâ€¦
Show more
Aroma
5
Appearance
3
Flavor
4
Mouthfeel
3
Overall
8",OB Golden Lager,OB Golden Lager,Oriental Brewery (AB-InBev),"ğŸ‡°ğŸ‡· Seoul, South Korea",Pale Lager - International / Premium,4.8%,,2.14,"OB Golden Lager is an authentic German style 100% malt beer. Crafted from golden malt and selected aroma hop, with Oriental Breweryâ€™s tradition of prefection.",144 cal per 355ml
84,"joergen(39,740)
ğŸ‡©ğŸ‡°Frederiksberg, Denmark
2.0December 2, 2011
Can at PapsÃ¸.
Clear yellow coloured with a medium sized whiteâ€¦
Show more
Aroma
4
Appearance
3
Flavor
4
Mouthfeel
2
Overall
7",OB Golden Lager,OB Golden Lager,Oriental Brewery (AB-InBev),"ğŸ‡°ğŸ‡· Seoul, South Korea",Pale Lager - International / Premium,4.8%,,2.14,"OB Golden Lager is an authentic German style 100% malt beer. Crafted from golden malt and selected aroma hop, with Oriental Breweryâ€™s tradition of prefection.",144 cal per 355ml
85,"yespr(55,116)
ğŸ‡©ğŸ‡°Copenhagen, Denmark
1.9December 1, 2011
35.5 cL can. Pours clear and golden yellow with a small white head. Aroma is cornish and grassy. Bitter, toasted and light fruity finish. Dry, bitter and lingering fruity finish.
Aroma
4
Appearance
2
Flavor
4
Mouthfeel
2
Overall
7",OB Golden Lager,OB Golden Lager,Oriental Brewery (AB-InBev),"ğŸ‡°ğŸ‡· Seoul, South Korea",Pale Lager - International / Premium,4.8%,,2.14,"OB Golden Lager is an authentic German style 100% malt beer. Crafted from golden malt and selected aroma hop, with Oriental Breweryâ€™s tradition of prefection.",144 cal per 355ml
86,"Ungstrup(48,914)
ğŸ‡©ğŸ‡°Citizen of the universe, Denmark
2.2December 1, 2011
Can. A golden beer with a huge off-white head. The aroma has notes of straw and malt. The flavor is sweet with notes of malt, eggs, and straw, leading to a dry finish.
Aroma
4
Appearance
3
Flavor
4
Mouthfeel
3
Overall
8",OB Golden Lager,OB Golden Lager,Oriental Brewery (AB-InBev),"ğŸ‡°ğŸ‡· Seoul, South Korea",Pale Lager - International / Premium,4.8%,,2.14,"OB Golden Lager is an authentic German style 100% malt beer. Crafted from golden malt and selected aroma hop, with Oriental Breweryâ€™s tradition of prefection.",144 cal per 355ml
87,"Papsoe(25,039)
ğŸ‡©ğŸ‡°Frederiksberg, Denmark
1.7December 1, 2011
Can 35,5 cl. Pours a clear golden with a white head. Sweet grainy nose. Light body, heavy brewing cereal, very flawed. Sticky finish with no real hoppiness. 011211
Aroma
3
Appearance
3
Flavor
3
Mouthfeel
2
Overall
6",OB Golden Lager,OB Golden Lager,Oriental Brewery (AB-InBev),"ğŸ‡°ğŸ‡· Seoul, South Korea",Pale Lager - International / Premium,4.8%,,2.14,"OB Golden Lager is an authentic German style 100% malt beer. Crafted from golden malt and selected aroma hop, with Oriental Breweryâ€™s tradition of prefection.",144 cal per 355ml
88,"Bierkrug(2,129)
1.7November 19, 2011
500 ml can picked up in Sulaymaniyah, Iraq. Pours a gold color with a very fast to go white head. Aroma is fist hops and then fades into some old apples. Taste is sweet fruit and hops.â€¦
Show more
Aroma
4
Appearance
2
Flavor
4
Mouthfeel
2
Overall
5",OB Golden Lager,OB Golden Lager,Oriental Brewery (AB-InBev),"ğŸ‡°ğŸ‡· Seoul, South Korea",Pale Lager - International / Premium,4.8%,,2.14,"OB Golden Lager is an authentic German style 100% malt beer. Crafted from golden malt and selected aroma hop, with Oriental Breweryâ€™s tradition of prefection.",144 cal per 355ml
89,"Beershine(5,277)
ğŸ‡ºğŸ‡¸Miami, United States
2.0September 27, 2011
Can on Asiana. Golden color with lots of rising bubbles. The enthusiastic effervescence creates a fairly lasting and fairly thick head. The aroma is faint German hops, like bitter greens.â€¦
Show more
Aroma
4
Appearance
3
Flavor
3
Mouthfeel
2
Overall
8",OB Golden Lager,OB Golden Lager,Oriental Brewery (AB-InBev),"ğŸ‡°ğŸ‡· Seoul, South Korea",Pale Lager - International / Premium,4.8%,,2.14,"OB Golden Lager is an authentic German style 100% malt beer. Crafted from golden malt and selected aroma hop, with Oriental Breweryâ€™s tradition of prefection.",144 cal per 355ml
90,"Oakes(27,870)
ğŸ‡¨ğŸ‡¦Richmond, Canada
1.5September 6, 2011
Can, on an Asiana flight.  Straw colour and fine carbonation.  Thin head.  The aroma is mostly grainy with appley sourness.  Slight malt accent, with a hint of fruity hop late.  Pretty sweetâ€¦
Show more
Aroma
2
Appearance
2
Flavor
3
Mouthfeel
2
Overall
6",OB Golden Lager,OB Golden Lager,Oriental Brewery (AB-InBev),"ğŸ‡°ğŸ‡· Seoul, South Korea",Pale Lager - International / Premium,4.8%,,2.14,"OB Golden Lager is an authentic German style 100% malt beer. Crafted from golden malt and selected aroma hop, with Oriental Breweryâ€™s tradition of prefection.",144 cal per 355ml
91,"SHIG(11,158)
ğŸ‡ºğŸ‡¸Hampton, United States
2.6April 17, 2011
Bottle: Poured a hazy yellow straw with a white head. Aroma is very sweet with a hay like smell. This beer taste very full bodied with a light watery hop finish. An improvement from aâ€¦
Show more
Aroma
6
Appearance
2
Flavor
5
Mouthfeel
2
Overall
11",OB Golden Lager,OB Golden Lager,Oriental Brewery (AB-InBev),"ğŸ‡°ğŸ‡· Seoul, South Korea",Pale Lager - International / Premium,4.8%,,2.14,"OB Golden Lager is an authentic German style 100% malt beer. Crafted from golden malt and selected aroma hop, with Oriental Breweryâ€™s tradition of prefection.",144 cal per 355ml
